Subsystem,SensorValue,Timestamp,AlarmLevel
Airlock,107.05780694833811,2025-02-14 13:13:57,Watch
Oxygen Generator,132.9374877100944,2025-02-14 13:13:57,Minor Fault
CO2 Scrubber,233.9668881034916,2025-02-14 13:13:57,Emergency
Airlock,144.84413863229267,2025-02-14 13:13:57,Minor Fault
Water Processor,77.89645855328217,2025-02-14 13:13:57,Normal
Airlock,151.27868792011614,2025-02-14 13:13:57,Emergency
Water Processor,100.56154125091722,2025-02-14 13:13:57,Watch
Water Processor,124.31010677797987,2025-02-14 13:13:57,Watch
Oxygen Generator,156.12585781947163,2025-02-14 13:13:57,Emergency
Water Processor,119.05533651517982,2025-02-14 13:13:57,Watch
Oxygen Generator,132.9084473461533,2025-02-14 13:13:57,Minor Fault
Water Processor,50.555788319992736,2025-02-14 13:13:57,Normal
CO2 Scrubber,134.59629570108723,2025-02-14 13:13:57,Minor Fault
CO2 Scrubber,149.46187833414064,2025-02-14 13:13:57,Minor Fault
Water Processor,77.08028539807748,2025-02-14 13:13:57,Normal
CO2 Scrubber,173.28484710676187,2025-02-14 13:13:57,Emergency
Oxygen Generator,60.77419450061573,2025-02-14 13:13:57,Normal
Water Processor,111.85320822785192,2025-02-14 13:13:57,Watch
Oxygen Generator,101.54157469606179,2025-02-14 13:13:57,Watch
Water Processor,141.02255437044602,2025-02-14 13:13:57,Minor Fault
Oxygen Generator,174.96941948466167,2025-02-14 13:13:57,Emergency
Water Processor,74.30967568222738,2025-02-14 13:13:57,Normal
Airlock,112.64642020005762,2025-02-14 13:13:57,Watch
CO2 Scrubber,107.42177523965807,2025-02-14 13:13:57,Watch
Oxygen Generator,118.20100363750569,2025-02-14 13:13:57,Watch
Airlock,197.71687941631836,2025-02-14 13:13:57,Emergency
CO2 Scrubber,148.24738530668304,2025-02-14 13:13:57,Minor Fault
Oxygen Generator,141.70458877669677,2025-02-14 13:13:57,Minor Fault
Airlock,62.81005083590687,2025-02-14 13:13:57,Normal
Airlock,130.7958190495711,2025-02-14 13:13:57,Minor Fault
Airlock,107.78531924049693,2025-02-14 13:13:57,Watch
Oxygen Generator,79.65795921751202,2025-02-14 13:13:57,Normal
Oxygen Generator,137.8199094846915,2025-02-14 13:13:57,Minor Fault
CO2 Scrubber,122.11915118439696,2025-02-14 13:13:57,Watch
Oxygen Generator,96.70262957405026,2025-02-14 13:13:57,Normal
Water Processor,115.2354853175804,2025-02-14 13:13:57,Watch
Water Processor,123.51058001786164,2025-02-14 13:13:57,Watch
Airlock,223.92412001474793,2025-02-14 13:13:57,Emergency
Oxygen Generator,125.45985843941322,2025-02-14 13:13:57,Minor Fault
CO2 Scrubber,143.85540333928932,2025-02-14 13:13:57,Minor Fault
CO2 Scrubber,110.25239951052444,2025-02-14 13:13:57,Watch
Water Processor,145.41753595947858,2025-02-14 13:13:57,Minor Fault
Oxygen Generator,113.18760443980327,2025-02-14 13:13:57,Watch
Water Processor,142.56002537096407,2025-02-14 13:13:57,Minor Fault
Water Processor,65.37549259631055,2025-02-14 13:13:57,Normal
CO2 Scrubber,60.054790492846024,2025-02-14 13:13:57,Normal
Oxygen Generator,59.74078024837621,2025-02-14 13:13:57,Normal
Water Processor,148.00222215496717,2025-02-14 13:13:57,Minor Fault
Water Processor,146.40036618314213,2025-02-14 13:13:57,Minor Fault
Water Processor,102.31934731810244,2025-02-14 13:13:57,Watch
Oxygen Generator,83.41133590010244,2025-02-14 13:13:57,Normal
Airlock,143.48972375959607,2025-02-14 13:13:57,Minor Fault
Oxygen Generator,121.8647467286347,2025-02-14 13:13:57,Watch
CO2 Scrubber,76.93352497551855,2025-02-14 13:13:57,Normal
Water Processor,84.37009800285652,2025-02-14 13:13:57,Normal
Water Processor,141.8257715386621,2025-02-14 13:13:57,Minor Fault
Oxygen Generator,77.84653912500106,2025-02-14 13:13:57,Normal
CO2 Scrubber,144.5387256110569,2025-02-14 13:13:57,Minor Fault
Water Processor,92.5135253222042,2025-02-14 13:13:57,Normal
CO2 Scrubber,80.93717621992546,2025-02-14 13:13:57,Normal
CO2 Scrubber,73.77684681748471,2025-02-14 13:13:57,Normal
Water Processor,295.58944986233087,2025-02-14 13:13:57,Emergency
Water Processor,141.52218217465008,2025-02-14 13:13:57,Minor Fault
Water Processor,299.1257675542096,2025-02-14 13:13:57,Emergency
Water Processor,266.05133818912793,2025-02-14 13:13:57,Emergency
Water Processor,79.79558895090132,2025-02-14 13:13:57,Normal
Oxygen Generator,69.50746848274355,2025-02-14 13:13:57,Normal
Airlock,71.48116718868224,2025-02-14 13:13:57,Normal
Airlock,146.45689344856152,2025-02-14 13:13:57,Minor Fault
Oxygen Generator,139.7576841777057,2025-02-14 13:13:57,Minor Fault
CO2 Scrubber,142.27393505711507,2025-02-14 13:13:57,Minor Fault
Water Processor,75.66357493771758,2025-02-14 13:13:57,Normal
CO2 Scrubber,144.94654101473967,2025-02-14 13:13:57,Minor Fault
Airlock,68.75897951743269,2025-02-14 13:13:57,Normal
Water Processor,111.83592974819808,2025-02-14 13:13:57,Watch
Oxygen Generator,171.96376721192368,2025-02-14 13:13:57,Emergency
Water Processor,50.300537294815214,2025-02-14 13:13:57,Normal
Oxygen Generator,147.73965759314723,2025-02-14 13:13:57,Minor Fault
Airlock,119.58116284018888,2025-02-14 13:13:57,Watch
Oxygen Generator,139.50188447495182,2025-02-14 13:13:57,Minor Fault
Airlock,107.11948124415784,2025-02-14 13:13:57,Watch
Water Processor,130.16181033790315,2025-02-14 13:13:57,Minor Fault
Water Processor,121.92295168983996,2025-02-14 13:13:57,Watch
CO2 Scrubber,141.90697893273295,2025-02-14 13:13:57,Minor Fault
CO2 Scrubber,134.80703134458304,2025-02-14 13:13:57,Minor Fault
CO2 Scrubber,75.5503454834314,2025-02-14 13:13:57,Normal
CO2 Scrubber,92.68317610938826,2025-02-14 13:13:57,Normal
Oxygen Generator,66.20056171854186,2025-02-14 13:13:57,Normal
CO2 Scrubber,259.92213551702207,2025-02-14 13:13:57,Emergency
Airlock,66.74207106377041,2025-02-14 13:13:57,Normal
Water Processor,110.95116749363147,2025-02-14 13:13:57,Watch
Airlock,81.5537566919474,2025-02-14 13:13:57,Normal
Airlock,260.18402442572705,2025-02-14 13:13:57,Emergency
CO2 Scrubber,108.70608083402004,2025-02-14 13:13:57,Watch
Airlock,59.56990656512041,2025-02-14 13:13:57,Normal
Airlock,137.74344355652283,2025-02-14 13:13:57,Minor Fault
Airlock,109.50438941812232,2025-02-14 13:13:57,Watch
Oxygen Generator,94.75859968709727,2025-02-14 13:13:57,Normal
Airlock,64.10196269089063,2025-02-14 13:13:57,Normal
CO2 Scrubber,230.62124947405897,2025-02-14 13:13:57,Emergency
Water Processor,108.72899547014141,2025-02-14 13:13:57,Watch
Airlock,96.64428950908157,2025-02-14 13:13:57,Normal
Oxygen Generator,66.18015448448337,2025-02-14 13:13:57,Normal
Airlock,129.10256021838595,2025-02-14 13:13:57,Minor Fault
CO2 Scrubber,112.6407688659709,2025-02-14 13:13:57,Watch
Water Processor,51.73439098908689,2025-02-14 13:13:57,Normal
Oxygen Generator,54.408175175926424,2025-02-14 13:13:57,Normal
Oxygen Generator,115.23364652607326,2025-02-14 13:13:57,Watch
Water Processor,121.36864210337595,2025-02-14 13:13:57,Watch
Airlock,78.31858844051922,2025-02-14 13:13:57,Normal
Airlock,88.2277932984278,2025-02-14 13:13:57,Normal
Water Processor,64.42776117490857,2025-02-14 13:13:57,Normal
Airlock,56.982691827985306,2025-02-14 13:13:57,Normal
Water Processor,83.75832841143402,2025-02-14 13:13:57,Normal
Water Processor,93.66954514665672,2025-02-14 13:13:57,Normal
Airlock,107.12119080030219,2025-02-14 13:13:57,Watch
CO2 Scrubber,53.828769333763994,2025-02-14 13:13:57,Normal
CO2 Scrubber,58.03275436456814,2025-02-14 13:13:57,Normal
CO2 Scrubber,93.65603285191935,2025-02-14 13:13:57,Normal
Water Processor,262.81140648920507,2025-02-14 13:13:57,Emergency
Water Processor,77.84543504260915,2025-02-14 13:13:57,Normal
Water Processor,69.55818317947538,2025-02-14 13:13:57,Normal
Airlock,68.64413694045024,2025-02-14 13:13:57,Normal
Oxygen Generator,115.68822333970608,2025-02-14 13:13:57,Watch
CO2 Scrubber,131.26464992425144,2025-02-14 13:13:57,Minor Fault
CO2 Scrubber,141.8922545089861,2025-02-14 13:13:57,Minor Fault
Airlock,55.046149910926815,2025-02-14 13:13:57,Normal
Water Processor,100.46607531178827,2025-02-14 13:13:57,Watch
Water Processor,88.9148321434948,2025-02-14 13:13:57,Normal
CO2 Scrubber,134.39316065516897,2025-02-14 13:13:57,Minor Fault
CO2 Scrubber,64.15049080044291,2025-02-14 13:13:57,Normal
Water Processor,103.86687013052223,2025-02-14 13:13:57,Watch
CO2 Scrubber,107.5484078685543,2025-02-14 13:13:57,Watch
Water Processor,87.74019341169645,2025-02-14 13:13:57,Normal
Airlock,69.31894097779868,2025-02-14 13:13:57,Normal
Water Processor,141.01812145674216,2025-02-14 13:13:57,Minor Fault
Water Processor,121.40091800295009,2025-02-14 13:13:57,Watch
Oxygen Generator,104.39474708225734,2025-02-14 13:13:57,Watch
Airlock,63.187969647461614,2025-02-14 13:13:57,Normal
CO2 Scrubber,116.56317046573224,2025-02-14 13:13:57,Watch
CO2 Scrubber,114.37557922117163,2025-02-14 13:13:57,Watch
CO2 Scrubber,89.82163701193141,2025-02-14 13:13:57,Normal
Oxygen Generator,93.39112216563976,2025-02-14 13:13:57,Normal
Oxygen Generator,69.69664649861721,2025-02-14 13:13:57,Normal
Oxygen Generator,81.14600801183897,2025-02-14 13:13:57,Normal
Oxygen Generator,135.56866608669753,2025-02-14 13:13:57,Minor Fault
CO2 Scrubber,73.5792232432001,2025-02-14 13:13:57,Normal
Water Processor,88.75367966785981,2025-02-14 13:13:57,Normal
Oxygen Generator,58.01705739886507,2025-02-14 13:13:57,Normal
Water Processor,101.09093014901313,2025-02-14 13:13:57,Watch
Oxygen Generator,133.9295162739685,2025-02-14 13:13:57,Minor Fault
Oxygen Generator,138.061792199085,2025-02-14 13:13:57,Minor Fault
CO2 Scrubber,195.5840248742133,2025-02-14 13:13:57,Emergency
Airlock,122.52441832709266,2025-02-14 13:13:57,Watch
CO2 Scrubber,99.11458676316394,2025-02-14 13:13:57,Normal
Water Processor,122.32369617238724,2025-02-14 13:13:57,Watch
Oxygen Generator,123.08470876126654,2025-02-14 13:13:57,Watch
CO2 Scrubber,58.39690513755477,2025-02-14 13:13:57,Normal
Water Processor,121.41286955135692,2025-02-14 13:13:57,Watch
Oxygen Generator,216.67860266401917,2025-02-14 13:13:57,Emergency
Oxygen Generator,135.69944229281523,2025-02-14 13:13:57,Minor Fault
Airlock,132.94670578800606,2025-02-14 13:13:57,Minor Fault
Airlock,78.73945526027704,2025-02-14 13:13:57,Normal
Airlock,74.12885554080324,2025-02-14 13:13:57,Normal
Airlock,280.0561296439764,2025-02-14 13:13:57,Emergency
Airlock,74.54387006653202,2025-02-14 13:13:57,Normal
Oxygen Generator,141.88709895393606,2025-02-14 13:13:57,Minor Fault
Water Processor,78.70298246005781,2025-02-14 13:13:57,Normal
Oxygen Generator,96.18462775453385,2025-02-14 13:13:57,Normal
Airlock,127.37856523453215,2025-02-14 13:13:57,Minor Fault
Oxygen Generator,100.27714562262143,2025-02-14 13:13:57,Watch
Airlock,140.34251247813154,2025-02-14 13:13:57,Minor Fault
Oxygen Generator,237.58188564080348,2025-02-14 13:13:57,Emergency
Oxygen Generator,80.1816141928628,2025-02-14 13:13:57,Normal
Oxygen Generator,247.35148185532748,2025-02-14 13:13:57,Emergency
Oxygen Generator,132.24682912726905,2025-02-14 13:13:57,Minor Fault
CO2 Scrubber,110.94244645448232,2025-02-14 13:13:57,Watch
Oxygen Generator,64.54225697902156,2025-02-14 13:13:57,Normal
Water Processor,56.09085819137898,2025-02-14 13:13:57,Normal
Oxygen Generator,120.0209654707834,2025-02-14 13:13:57,Watch
Airlock,76.6847728120536,2025-02-14 13:13:57,Normal
CO2 Scrubber,96.35280049568544,2025-02-14 13:13:57,Normal
Airlock,118.54372063985768,2025-02-14 13:13:57,Watch
Airlock,72.72535342049248,2025-02-14 13:13:57,Normal
Oxygen Generator,106.82524012374807,2025-02-14 13:13:57,Watch
Oxygen Generator,137.53480937190517,2025-02-14 13:13:57,Minor Fault
CO2 Scrubber,56.251707148957244,2025-02-14 13:13:57,Normal
Airlock,70.52636841424157,2025-02-14 13:13:57,Normal
Airlock,147.84477915434468,2025-02-14 13:13:57,Minor Fault
Water Processor,105.5758827929854,2025-02-14 13:13:57,Watch
Airlock,100.77967040465619,2025-02-14 13:13:57,Watch
Airlock,64.26951293053713,2025-02-14 13:13:57,Normal
Airlock,104.73479904443266,2025-02-14 13:13:57,Watch
Water Processor,58.603230038784474,2025-02-14 13:13:57,Normal
Water Processor,69.61784418567905,2025-02-14 13:13:57,Normal
CO2 Scrubber,94.87880028525028,2025-02-14 13:13:57,Normal
Airlock,89.20062996659476,2025-02-14 13:13:57,Normal
Oxygen Generator,99.43811106888595,2025-02-14 13:13:57,Normal
Oxygen Generator,126.20336512702927,2025-02-14 13:13:57,Minor Fault
Water Processor,82.84130444168068,2025-02-14 13:13:57,Normal
Airlock,129.59995153437012,2025-02-14 13:13:57,Minor Fault
Water Processor,79.95523905340298,2025-02-14 13:13:57,Normal
Water Processor,62.59970189351542,2025-02-14 13:13:57,Normal
CO2 Scrubber,92.3436689418843,2025-02-14 13:13:57,Normal
Oxygen Generator,106.75840363809012,2025-02-14 13:13:57,Watch
CO2 Scrubber,115.40184277905756,2025-02-14 13:13:57,Watch
Oxygen Generator,87.58071594817524,2025-02-14 13:13:57,Normal
Airlock,57.71646180918021,2025-02-14 13:13:57,Normal
CO2 Scrubber,125.60455164531693,2025-02-14 13:13:57,Minor Fault
CO2 Scrubber,80.04764160569043,2025-02-14 13:13:57,Normal
Airlock,172.54592437029766,2025-02-14 13:13:57,Emergency
Airlock,138.41649263931237,2025-02-14 13:13:57,Minor Fault
Airlock,54.625817982215395,2025-02-14 13:13:57,Normal
Water Processor,90.84982279473795,2025-02-14 13:13:57,Normal
Airlock,81.88214878732731,2025-02-14 13:13:57,Normal
Airlock,60.12852654828681,2025-02-14 13:13:57,Normal
Airlock,145.80693401482796,2025-02-14 13:13:57,Minor Fault
Water Processor,106.42066510926614,2025-02-14 13:13:57,Watch
CO2 Scrubber,143.93207819336914,2025-02-14 13:13:57,Minor Fault
Water Processor,100.83878064308952,2025-02-14 13:13:57,Watch
CO2 Scrubber,141.4630805607327,2025-02-14 13:13:57,Minor Fault
Water Processor,82.89797860344612,2025-02-14 13:13:57,Normal
Oxygen Generator,82.02681216560862,2025-02-14 13:13:57,Normal
CO2 Scrubber,72.89589375970426,2025-02-14 13:13:57,Normal
CO2 Scrubber,57.68132471410041,2025-02-14 13:13:57,Normal
Oxygen Generator,132.19494837045693,2025-02-14 13:13:57,Minor Fault
CO2 Scrubber,130.91101659741406,2025-02-14 13:13:57,Minor Fault
Water Processor,205.37003750139974,2025-02-14 13:13:57,Emergency
CO2 Scrubber,77.03321566096979,2025-02-14 13:13:57,Normal
Airlock,176.08131171642992,2025-02-14 13:13:57,Emergency
Airlock,137.24250083873093,2025-02-14 13:13:57,Minor Fault
CO2 Scrubber,135.51750677777574,2025-02-14 13:13:57,Minor Fault
CO2 Scrubber,132.47141359104,2025-02-14 13:13:57,Minor Fault
Water Processor,84.15582971480174,2025-02-14 13:13:57,Normal
Airlock,136.21850268710324,2025-02-14 13:13:57,Minor Fault
Airlock,59.87840579079483,2025-02-14 13:13:57,Normal
Water Processor,139.48564686091356,2025-02-14 13:13:57,Minor Fault
Oxygen Generator,88.24919262452929,2025-02-14 13:13:57,Normal
Airlock,254.17094362557356,2025-02-14 13:13:57,Emergency
Oxygen Generator,117.5717331003236,2025-02-14 13:13:57,Watch
Water Processor,124.88352098593232,2025-02-14 13:13:57,Watch
CO2 Scrubber,71.45874237419625,2025-02-14 13:13:57,Normal
Water Processor,117.97939208067318,2025-02-14 13:13:57,Watch
Water Processor,124.77509567026426,2025-02-14 13:13:57,Watch
CO2 Scrubber,66.69574497757075,2025-02-14 13:13:57,Normal
Water Processor,97.32587749662804,2025-02-14 13:13:57,Normal
Airlock,105.48726399517346,2025-02-14 13:13:57,Watch
Airlock,90.847012704272,2025-02-14 13:13:57,Normal
Oxygen Generator,125.42405462960215,2025-02-14 13:13:57,Minor Fault
Oxygen Generator,132.32724439908787,2025-02-14 13:13:57,Minor Fault
Airlock,160.15843811782253,2025-02-14 13:13:57,Emergency
CO2 Scrubber,128.693895649048,2025-02-14 13:13:57,Minor Fault
CO2 Scrubber,71.89103997596985,2025-02-14 13:13:57,Normal
Oxygen Generator,54.684646114045755,2025-02-14 13:13:57,Normal
Water Processor,94.02336217951266,2025-02-14 13:13:57,Normal
Water Processor,54.34854083003747,2025-02-14 13:13:57,Normal
CO2 Scrubber,100.48681314275646,2025-02-14 13:13:57,Watch
Oxygen Generator,97.53416299296772,2025-02-14 13:13:57,Normal
CO2 Scrubber,54.56866690123454,2025-02-14 13:13:57,Normal
Airlock,291.04334354413066,2025-02-14 13:13:57,Emergency
CO2 Scrubber,57.151712494495385,2025-02-14 13:13:57,Normal
Airlock,121.42286184920124,2025-02-14 13:13:57,Watch
CO2 Scrubber,142.47065827206774,2025-02-14 13:13:57,Minor Fault
Water Processor,80.76144741215222,2025-02-14 13:13:57,Normal
Oxygen Generator,113.66822779935134,2025-02-14 13:13:57,Watch
CO2 Scrubber,112.69017826333749,2025-02-14 13:13:57,Watch
Oxygen Generator,141.270728113841,2025-02-14 13:13:57,Minor Fault
Oxygen Generator,125.003151166282,2025-02-14 13:13:57,Minor Fault
Water Processor,226.16816280298488,2025-02-14 13:13:57,Emergency
Airlock,50.7543960107089,2025-02-14 13:13:57,Normal
Airlock,55.464774132763026,2025-02-14 13:13:57,Normal
Airlock,60.232768422821316,2025-02-14 13:13:57,Normal
CO2 Scrubber,131.71761198686949,2025-02-14 13:13:57,Minor Fault
Oxygen Generator,64.19158483634891,2025-02-14 13:13:57,Normal
Oxygen Generator,82.71083309783228,2025-02-14 13:13:57,Normal
CO2 Scrubber,70.20177859898224,2025-02-14 13:13:57,Normal
Airlock,76.83849566784585,2025-02-14 13:13:57,Normal
Oxygen Generator,135.70813391894492,2025-02-14 13:13:57,Minor Fault
Airlock,89.87567905135505,2025-02-14 13:13:57,Normal
Airlock,68.18671580151413,2025-02-14 13:13:57,Normal
Airlock,58.74534639685923,2025-02-14 13:13:57,Normal
CO2 Scrubber,108.25897073578403,2025-02-14 13:13:57,Watch
Water Processor,90.39345758826147,2025-02-14 13:13:57,Normal
CO2 Scrubber,225.24978591391869,2025-02-14 13:13:57,Emergency
Airlock,61.1568947173723,2025-02-14 13:13:57,Normal
Oxygen Generator,120.12627911633888,2025-02-14 13:13:57,Watch
Airlock,205.40470984417124,2025-02-14 13:13:57,Emergency
CO2 Scrubber,74.05958932589752,2025-02-14 13:13:57,Normal
CO2 Scrubber,100.00011159490298,2025-02-14 13:13:57,Watch
Water Processor,84.8581497965799,2025-02-14 13:13:57,Normal
Airlock,64.58464062908897,2025-02-14 13:13:57,Normal
Oxygen Generator,76.27347023923267,2025-02-14 13:13:57,Normal
Oxygen Generator,132.51440716484674,2025-02-14 13:13:57,Minor Fault
Oxygen Generator,51.340123493664514,2025-02-14 13:13:57,Normal
Oxygen Generator,128.03904885464797,2025-02-14 13:13:57,Minor Fault
CO2 Scrubber,56.43569025606748,2025-02-14 13:13:57,Normal
CO2 Scrubber,58.78424944447579,2025-02-14 13:13:57,Normal
Water Processor,59.72676174086335,2025-02-14 13:13:57,Normal
CO2 Scrubber,130.3391704630725,2025-02-14 13:13:57,Minor Fault
CO2 Scrubber,100.82278853159576,2025-02-14 13:13:57,Watch
Water Processor,135.36624979532505,2025-02-14 13:13:57,Minor Fault
Water Processor,88.19491592510064,2025-02-14 13:13:57,Normal
Airlock,88.20643753123447,2025-02-14 13:13:57,Normal
CO2 Scrubber,102.760095274473,2025-02-14 13:13:57,Watch
Oxygen Generator,50.426107181259994,2025-02-14 13:13:57,Normal
Airlock,234.77550001965614,2025-02-14 13:13:57,Emergency
Oxygen Generator,148.10609223808507,2025-02-14 13:13:57,Minor Fault
CO2 Scrubber,51.1769831049777,2025-02-14 13:13:57,Normal
CO2 Scrubber,127.0884005349364,2025-02-14 13:13:57,Minor Fault
Oxygen Generator,90.19645056948781,2025-02-14 13:13:57,Normal
CO2 Scrubber,81.58824422736308,2025-02-14 13:13:57,Normal
Water Processor,142.73866549933675,2025-02-14 13:13:57,Minor Fault
Oxygen Generator,95.35370751497973,2025-02-14 13:13:57,Normal
Water Processor,81.6350400986361,2025-02-14 13:13:57,Normal
CO2 Scrubber,261.13569380376583,2025-02-14 13:13:57,Emergency
Water Processor,110.69320971052144,2025-02-14 13:13:57,Watch
CO2 Scrubber,54.28777221291106,2025-02-14 13:13:57,Normal
CO2 Scrubber,75.00250597708018,2025-02-14 13:13:57,Normal
Airlock,80.40754138731413,2025-02-14 13:13:57,Normal
Oxygen Generator,74.4487594440786,2025-02-14 13:13:57,Normal
CO2 Scrubber,127.75081077783567,2025-02-14 13:13:57,Minor Fault
Water Processor,161.51009661206731,2025-02-14 13:13:57,Emergency
Water Processor,119.49705337893218,2025-02-14 13:13:57,Watch
CO2 Scrubber,142.5186141679113,2025-02-14 13:13:57,Minor Fault
CO2 Scrubber,93.45301551855269,2025-02-14 13:13:57,Normal
CO2 Scrubber,104.03819356265359,2025-02-14 13:13:57,Watch
CO2 Scrubber,55.3527589424751,2025-02-14 13:13:57,Normal
CO2 Scrubber,127.04621418096406,2025-02-14 13:13:57,Minor Fault
Airlock,108.64965569161414,2025-02-14 13:13:57,Watch
CO2 Scrubber,88.81889785011549,2025-02-14 13:13:57,Normal
Water Processor,102.17783216467525,2025-02-14 13:13:57,Watch
Oxygen Generator,81.37263578933954,2025-02-14 13:13:57,Normal
Water Processor,100.0040048737972,2025-02-14 13:13:57,Watch
Oxygen Generator,79.27853185471723,2025-02-14 13:13:57,Normal
Water Processor,105.69211324733661,2025-02-14 13:13:57,Watch
CO2 Scrubber,185.81307809260585,2025-02-14 13:13:57,Emergency
Oxygen Generator,130.03960170596207,2025-02-14 13:13:57,Minor Fault
Oxygen Generator,99.23350567594485,2025-02-14 13:13:57,Normal
CO2 Scrubber,219.6747485257547,2025-02-14 13:13:57,Emergency
CO2 Scrubber,220.86359837170275,2025-02-14 13:13:57,Emergency
Oxygen Generator,50.35961116187316,2025-02-14 13:13:57,Normal
Water Processor,55.72026331827463,2025-02-14 13:13:57,Normal
Water Processor,92.62283076374757,2025-02-14 13:13:57,Normal
Airlock,56.856025403583374,2025-02-14 13:13:57,Normal
CO2 Scrubber,56.45812133694618,2025-02-14 13:13:57,Normal
CO2 Scrubber,91.0370218146912,2025-02-14 13:13:57,Normal
Oxygen Generator,110.31203589141359,2025-02-14 13:13:57,Watch
Water Processor,128.257193572897,2025-02-14 13:13:57,Minor Fault
Oxygen Generator,117.21490282921269,2025-02-14 13:13:57,Watch
Water Processor,65.72815981827645,2025-02-14 13:13:57,Normal
Oxygen Generator,54.37468784969517,2025-02-14 13:13:57,Normal
Airlock,135.75115177502812,2025-02-14 13:13:57,Minor Fault
Water Processor,93.03480626764221,2025-02-14 13:13:57,Normal
CO2 Scrubber,292.9876176510628,2025-02-14 13:13:57,Emergency
Water Processor,72.56941958967953,2025-02-14 13:13:57,Normal
CO2 Scrubber,74.5782405248599,2025-02-14 13:13:57,Normal
Oxygen Generator,94.04673429582668,2025-02-14 13:13:57,Normal
Airlock,139.46006551187426,2025-02-14 13:13:57,Minor Fault
Airlock,82.21741714913281,2025-02-14 13:13:57,Normal
Airlock,74.71791696372591,2025-02-14 13:13:57,Normal
Water Processor,113.84125348062656,2025-02-14 13:13:57,Watch
Oxygen Generator,123.15477270193011,2025-02-14 13:13:57,Watch
CO2 Scrubber,284.3266240233356,2025-02-14 13:13:57,Emergency
Oxygen Generator,51.44591950054542,2025-02-14 13:13:57,Normal
Oxygen Generator,98.22781765736286,2025-02-14 13:13:57,Normal
Water Processor,57.96784773691198,2025-02-14 13:13:57,Normal
Airlock,105.6217434055195,2025-02-14 13:13:57,Watch
Airlock,94.83339817512487,2025-02-14 13:13:57,Normal
Oxygen Generator,115.39053722838007,2025-02-14 13:13:57,Watch
Airlock,69.19304752443318,2025-02-14 13:13:57,Normal
Oxygen Generator,225.52507591740283,2025-02-14 13:13:57,Emergency
Oxygen Generator,89.81921724642733,2025-02-14 13:13:57,Normal
Oxygen Generator,86.85444995941543,2025-02-14 13:13:57,Normal
CO2 Scrubber,120.85279994758176,2025-02-14 13:13:57,Watch
Water Processor,95.8287131616767,2025-02-14 13:13:57,Normal
Airlock,52.549320306752236,2025-02-14 13:13:57,Normal
Airlock,86.30048842295288,2025-02-14 13:13:57,Normal
CO2 Scrubber,58.20530268760358,2025-02-14 13:13:57,Normal
Oxygen Generator,120.48035718708601,2025-02-14 13:13:57,Watch
Airlock,96.27690957294728,2025-02-14 13:13:57,Normal
CO2 Scrubber,123.52544809870507,2025-02-14 13:13:57,Watch
Airlock,123.8618819954229,2025-02-14 13:13:57,Watch
CO2 Scrubber,119.41501672854142,2025-02-14 13:13:57,Watch
Airlock,61.18605338653407,2025-02-14 13:13:57,Normal
Airlock,134.99201990441023,2025-02-14 13:13:57,Minor Fault
Water Processor,106.03412112315839,2025-02-14 13:13:57,Watch
Oxygen Generator,50.49746118115915,2025-02-14 13:13:57,Normal
CO2 Scrubber,115.39272359125587,2025-02-14 13:13:57,Watch
CO2 Scrubber,86.20074916419875,2025-02-14 13:13:57,Normal
CO2 Scrubber,116.29802585869946,2025-02-14 13:13:57,Watch
Oxygen Generator,70.64813122825616,2025-02-14 13:13:57,Normal
CO2 Scrubber,58.20491878631988,2025-02-14 13:13:57,Normal
Airlock,68.7028856044522,2025-02-14 13:13:57,Normal
CO2 Scrubber,214.6353836247037,2025-02-14 13:13:57,Emergency
Water Processor,85.34505034459497,2025-02-14 13:13:57,Normal
Oxygen Generator,189.8546567950122,2025-02-14 13:13:57,Emergency
CO2 Scrubber,57.97445701428059,2025-02-14 13:13:57,Normal
Airlock,55.82292065406135,2025-02-14 13:13:57,Normal
CO2 Scrubber,123.1746134333724,2025-02-14 13:13:57,Watch
Airlock,70.44093940650201,2025-02-14 13:13:57,Normal
Oxygen Generator,150.3074199296926,2025-02-14 13:13:57,Emergency
Oxygen Generator,106.449831123539,2025-02-14 13:13:57,Watch
Oxygen Generator,140.76642854824445,2025-02-14 13:13:57,Minor Fault
Water Processor,139.57732408593742,2025-02-14 13:13:57,Minor Fault
Oxygen Generator,54.763256260234925,2025-02-14 13:13:57,Normal
Airlock,129.44902742729175,2025-02-14 13:13:57,Minor Fault
Airlock,142.493661138656,2025-02-14 13:13:57,Minor Fault
Water Processor,140.97253232522777,2025-02-14 13:13:57,Minor Fault
CO2 Scrubber,86.0864621257531,2025-02-14 13:13:57,Normal
CO2 Scrubber,98.56155425542926,2025-02-14 13:13:57,Normal
Oxygen Generator,92.81321306765622,2025-02-14 13:13:57,Normal
Oxygen Generator,121.45142142001907,2025-02-14 13:13:57,Watch
Water Processor,115.08402010604648,2025-02-14 13:13:57,Watch
Water Processor,62.8594621983823,2025-02-14 13:13:57,Normal
CO2 Scrubber,73.39229987569941,2025-02-14 13:13:57,Normal
Airlock,79.0677632240895,2025-02-14 13:13:57,Normal
CO2 Scrubber,98.18075593446957,2025-02-14 13:13:57,Normal
Water Processor,101.67993248401734,2025-02-14 13:13:57,Watch
CO2 Scrubber,104.63710411923513,2025-02-14 13:13:57,Watch
Airlock,73.55567126630699,2025-02-14 13:13:57,Normal
Oxygen Generator,112.12526757059373,2025-02-14 13:13:57,Watch
Oxygen Generator,91.63964507663812,2025-02-14 13:13:57,Normal
CO2 Scrubber,50.01100756040911,2025-02-14 13:13:57,Normal
Water Processor,131.99653529496103,2025-02-14 13:13:57,Minor Fault
Airlock,51.3628677189674,2025-02-14 13:13:57,Normal
Water Processor,253.2279334856073,2025-02-14 13:13:57,Emergency
CO2 Scrubber,121.93979943492353,2025-02-14 13:13:57,Watch
Water Processor,94.51816135262062,2025-02-14 13:13:57,Normal
Airlock,76.99753672504893,2025-02-14 13:13:57,Normal
CO2 Scrubber,72.4861224615979,2025-02-14 13:13:57,Normal
Water Processor,93.87547152869023,2025-02-14 13:13:57,Normal
Oxygen Generator,92.35242535432216,2025-02-14 13:13:57,Normal
Oxygen Generator,78.44105404838874,2025-02-14 13:13:57,Normal
Oxygen Generator,119.23655283215679,2025-02-14 13:13:57,Watch
Water Processor,104.81959696917968,2025-02-14 13:13:57,Watch
Airlock,114.74594670649186,2025-02-14 13:13:57,Watch
Oxygen Generator,63.2093451020074,2025-02-14 13:13:57,Normal
Oxygen Generator,108.08490002906936,2025-02-14 13:13:57,Watch
CO2 Scrubber,266.3016719264449,2025-02-14 13:13:57,Emergency
Airlock,115.3302199031575,2025-02-14 13:13:57,Watch
Water Processor,84.77970657486584,2025-02-14 13:13:57,Normal
Airlock,145.57685742928945,2025-02-14 13:13:57,Minor Fault
Water Processor,76.30360888097294,2025-02-14 13:13:57,Normal
CO2 Scrubber,79.73858902434856,2025-02-14 13:13:57,Normal
Oxygen Generator,119.32121416808621,2025-02-14 13:13:57,Watch
Water Processor,247.2568823614315,2025-02-14 13:13:57,Emergency
Airlock,66.03993627611874,2025-02-14 13:13:57,Normal
CO2 Scrubber,199.6101282204557,2025-02-14 13:13:57,Emergency
CO2 Scrubber,63.76106026855287,2025-02-14 13:13:57,Normal
Oxygen Generator,57.54716086390057,2025-02-14 13:13:57,Normal
Oxygen Generator,105.60161684125544,2025-02-14 13:13:57,Watch
Water Processor,57.40528696790294,2025-02-14 13:13:57,Normal
Oxygen Generator,98.36506142551228,2025-02-14 13:13:57,Normal
Water Processor,92.63072143942783,2025-02-14 13:13:57,Normal
Water Processor,72.73250949393992,2025-02-14 13:13:57,Normal
Water Processor,74.17870919897275,2025-02-14 13:13:57,Normal
Airlock,109.43080874631829,2025-02-14 13:13:57,Watch
CO2 Scrubber,107.67599510900406,2025-02-14 13:13:57,Watch
CO2 Scrubber,136.1588367808933,2025-02-14 13:13:57,Minor Fault
CO2 Scrubber,106.572392861946,2025-02-14 13:13:57,Watch
Airlock,53.50790260329777,2025-02-14 13:13:57,Normal
CO2 Scrubber,71.3779014387603,2025-02-14 13:13:57,Normal
Water Processor,122.50756008475008,2025-02-14 13:13:57,Watch
Airlock,292.9258975214628,2025-02-14 13:13:57,Emergency
Airlock,284.06051459866603,2025-02-14 13:13:57,Emergency
Oxygen Generator,90.80434109232951,2025-02-14 13:13:57,Normal
CO2 Scrubber,55.053801097098386,2025-02-14 13:13:57,Normal
Oxygen Generator,74.59257499430078,2025-02-14 13:13:57,Normal
Oxygen Generator,144.63443627291215,2025-02-14 13:13:57,Minor Fault
Water Processor,113.14358901307169,2025-02-14 13:13:57,Watch
Airlock,65.51778689136577,2025-02-14 13:13:57,Normal
Airlock,88.63205032602562,2025-02-14 13:13:57,Normal
Oxygen Generator,63.91114695022898,2025-02-14 13:13:57,Normal
CO2 Scrubber,147.50662900869258,2025-02-14 13:13:57,Minor Fault
Water Processor,81.41303217897315,2025-02-14 13:13:57,Normal
Oxygen Generator,81.8380118304477,2025-02-14 13:13:57,Normal
Airlock,120.99998723461954,2025-02-14 13:13:57,Watch
CO2 Scrubber,156.47676666888512,2025-02-14 13:13:57,Emergency
Water Processor,81.26010569887362,2025-02-14 13:13:57,Normal
Water Processor,286.478386151992,2025-02-14 13:13:57,Emergency
Water Processor,86.43532062083108,2025-02-14 13:13:57,Normal
CO2 Scrubber,61.802425249110705,2025-02-14 13:13:57,Normal
Oxygen Generator,108.60366078919452,2025-02-14 13:13:57,Watch
Oxygen Generator,64.07362088390023,2025-02-14 13:13:57,Normal
CO2 Scrubber,118.7511511239569,2025-02-14 13:13:57,Watch
Water Processor,235.29088899579438,2025-02-14 13:13:57,Emergency
Airlock,57.813909651509974,2025-02-14 13:13:57,Normal
CO2 Scrubber,132.29227910329274,2025-02-14 13:13:57,Minor Fault
Oxygen Generator,71.18643451200988,2025-02-14 13:13:57,Normal
Oxygen Generator,128.32820673867832,2025-02-14 13:13:57,Minor Fault
CO2 Scrubber,82.73365772448496,2025-02-14 13:13:57,Normal
Airlock,79.19621092386353,2025-02-14 13:13:57,Normal
CO2 Scrubber,78.14503387387458,2025-02-14 13:13:57,Normal
Oxygen Generator,81.55791177428054,2025-02-14 13:13:57,Normal
Oxygen Generator,80.23172593816473,2025-02-14 13:13:57,Normal
Water Processor,65.09801823176313,2025-02-14 13:13:57,Normal
Water Processor,102.90832841638208,2025-02-14 13:13:57,Watch
Oxygen Generator,77.8650436928559,2025-02-14 13:13:57,Normal
Water Processor,84.9771785058802,2025-02-14 13:13:57,Normal
Oxygen Generator,98.20524765202526,2025-02-14 13:13:57,Normal
Oxygen Generator,90.13111929996106,2025-02-14 13:13:57,Normal
CO2 Scrubber,110.74180055907436,2025-02-14 13:13:57,Watch
Airlock,146.69917354250828,2025-02-14 13:13:57,Minor Fault
Water Processor,144.39019055485647,2025-02-14 13:13:57,Minor Fault
Water Processor,53.72428321906544,2025-02-14 13:13:57,Normal
Airlock,137.27332862528226,2025-02-14 13:13:57,Minor Fault
CO2 Scrubber,75.47956870502131,2025-02-14 13:13:57,Normal
Water Processor,148.28659249191236,2025-02-14 13:13:57,Minor Fault
Water Processor,138.7028125526507,2025-02-14 13:13:57,Minor Fault
CO2 Scrubber,137.10208911379874,2025-02-14 13:13:57,Minor Fault
CO2 Scrubber,106.21878134720647,2025-02-14 13:13:57,Watch
Airlock,77.85544839139254,2025-02-14 13:13:57,Normal
Water Processor,94.82237475502856,2025-02-14 13:13:57,Normal
Oxygen Generator,255.65561575486157,2025-02-14 13:13:57,Emergency
Oxygen Generator,103.9463245356499,2025-02-14 13:13:57,Watch
Airlock,134.47612271730037,2025-02-14 13:13:57,Minor Fault
Water Processor,69.57187542288825,2025-02-14 13:13:57,Normal
CO2 Scrubber,91.69112456424585,2025-02-14 13:13:57,Normal
Airlock,150.1497751293387,2025-02-14 13:13:57,Emergency
Oxygen Generator,130.99179357216371,2025-02-14 13:13:57,Minor Fault
Airlock,57.3607166606238,2025-02-14 13:13:57,Normal
Oxygen Generator,270.30913394504836,2025-02-14 13:13:57,Emergency
Oxygen Generator,209.53534744006902,2025-02-14 13:13:57,Emergency
Water Processor,121.68968015609104,2025-02-14 13:13:57,Watch
Water Processor,66.34916031258257,2025-02-14 13:13:57,Normal
Airlock,161.68981340050394,2025-02-14 13:13:57,Emergency
Water Processor,145.91158318457633,2025-02-14 13:13:57,Minor Fault
Water Processor,92.11499789436584,2025-02-14 13:13:57,Normal
Airlock,115.4445733603454,2025-02-14 13:13:57,Watch
CO2 Scrubber,84.08505568763323,2025-02-14 13:13:57,Normal
CO2 Scrubber,70.02559279989583,2025-02-14 13:13:57,Normal
Airlock,88.67772357245929,2025-02-14 13:13:57,Normal
CO2 Scrubber,70.54558809894833,2025-02-14 13:13:57,Normal
Oxygen Generator,93.29776753074314,2025-02-14 13:13:57,Normal
CO2 Scrubber,75.83722304755304,2025-02-14 13:13:57,Normal
CO2 Scrubber,130.768540370935,2025-02-14 13:13:57,Minor Fault
Airlock,100.86107551905918,2025-02-14 13:13:57,Watch
CO2 Scrubber,87.11410412149903,2025-02-14 13:13:57,Normal
CO2 Scrubber,124.05405887020781,2025-02-14 13:13:57,Watch
CO2 Scrubber,106.02236216252767,2025-02-14 13:13:57,Watch
CO2 Scrubber,93.2266760006779,2025-02-14 13:13:57,Normal
Oxygen Generator,55.064939814494586,2025-02-14 13:13:57,Normal
Oxygen Generator,112.69136080385749,2025-02-14 13:13:57,Watch
Oxygen Generator,109.85932977643785,2025-02-14 13:13:57,Watch
Oxygen Generator,87.94988848798187,2025-02-14 13:13:57,Normal
Airlock,149.1784585422026,2025-02-14 13:13:57,Minor Fault
CO2 Scrubber,101.28826871928723,2025-02-14 13:13:57,Watch
Oxygen Generator,74.79305343542421,2025-02-14 13:13:57,Normal
Oxygen Generator,84.61274002313249,2025-02-14 13:13:57,Normal
Water Processor,55.41245777382648,2025-02-14 13:13:57,Normal
CO2 Scrubber,55.76204615441528,2025-02-14 13:13:57,Normal
Airlock,104.07986343262866,2025-02-14 13:13:57,Watch
Water Processor,145.09474434988286,2025-02-14 13:13:57,Minor Fault
Oxygen Generator,118.29316920999756,2025-02-14 13:13:57,Watch
Airlock,112.87051787548418,2025-02-14 13:13:57,Watch
Airlock,55.4121832889311,2025-02-14 13:13:57,Normal
Airlock,91.3665738721732,2025-02-14 13:13:57,Normal
Oxygen Generator,120.80436789386144,2025-02-14 13:13:57,Watch
CO2 Scrubber,143.1019265822341,2025-02-14 13:13:57,Minor Fault
Airlock,148.14372457201011,2025-02-14 13:13:57,Minor Fault
CO2 Scrubber,90.45175706911513,2025-02-14 13:13:57,Normal
CO2 Scrubber,98.12459436538954,2025-02-14 13:13:57,Normal
CO2 Scrubber,105.32643331549588,2025-02-14 13:13:57,Watch
Oxygen Generator,52.56668758380408,2025-02-14 13:13:57,Normal
Airlock,122.607094052813,2025-02-14 13:13:57,Watch
Airlock,124.60940823176841,2025-02-14 13:13:57,Watch
Oxygen Generator,109.36056847552435,2025-02-14 13:13:57,Watch
Airlock,85.28944523828385,2025-02-14 13:13:57,Normal
Oxygen Generator,137.7537122302098,2025-02-14 13:13:57,Minor Fault
Airlock,83.49306926584126,2025-02-14 13:13:57,Normal
Airlock,93.10721993863552,2025-02-14 13:13:57,Normal
Airlock,55.636625632790214,2025-02-14 13:13:57,Normal
Airlock,147.4262424666145,2025-02-14 13:13:57,Minor Fault
Oxygen Generator,93.4452311376574,2025-02-14 13:13:57,Normal
Oxygen Generator,96.62028129256149,2025-02-14 13:13:57,Normal
Water Processor,102.4761965678947,2025-02-14 13:13:57,Watch
Airlock,107.34476225527075,2025-02-14 13:13:57,Watch
Water Processor,62.28403610789631,2025-02-14 13:13:57,Normal
Airlock,81.19701791616991,2025-02-14 13:13:57,Normal
Water Processor,67.39905720016729,2025-02-14 13:13:57,Normal
Airlock,90.79670075916192,2025-02-14 13:13:57,Normal
Oxygen Generator,170.0035602189514,2025-02-14 13:13:57,Emergency
Water Processor,162.7429737033956,2025-02-14 13:13:57,Emergency
CO2 Scrubber,61.28663877524231,2025-02-14 13:13:57,Normal
CO2 Scrubber,80.80574566895635,2025-02-14 13:13:57,Normal
CO2 Scrubber,144.6286416964636,2025-02-14 13:13:57,Minor Fault
CO2 Scrubber,297.7365324485437,2025-02-14 13:13:57,Emergency
Airlock,63.74992461052055,2025-02-14 13:13:57,Normal
Airlock,108.57808101737365,2025-02-14 13:13:57,Watch
CO2 Scrubber,67.65345952500562,2025-02-14 13:13:57,Normal
Oxygen Generator,133.0712220865464,2025-02-14 13:13:57,Minor Fault
Water Processor,142.12246966681295,2025-02-14 13:13:57,Minor Fault
Airlock,83.1946605105,2025-02-14 13:13:57,Normal
Airlock,70.98130715401948,2025-02-14 13:13:57,Normal
Water Processor,56.66076619992083,2025-02-14 13:13:57,Normal
Airlock,145.1327649123467,2025-02-14 13:13:57,Minor Fault
Water Processor,50.16022351350542,2025-02-14 13:13:57,Normal
Water Processor,70.73408558715161,2025-02-14 13:13:57,Normal
Airlock,112.80341900699321,2025-02-14 13:13:57,Watch
Water Processor,74.20120104801077,2025-02-14 13:13:57,Normal
CO2 Scrubber,95.63456646087567,2025-02-14 13:13:57,Normal
Water Processor,132.6938692091751,2025-02-14 13:13:57,Minor Fault
Water Processor,95.67643716414784,2025-02-14 13:13:57,Normal
Oxygen Generator,264.41250134223685,2025-02-14 13:13:57,Emergency
Oxygen Generator,119.53319911523721,2025-02-14 13:13:57,Watch
Oxygen Generator,128.6473008397094,2025-02-14 13:13:57,Minor Fault
CO2 Scrubber,114.97094050860792,2025-02-14 13:13:57,Watch
Water Processor,107.54784988126619,2025-02-14 13:13:57,Watch
Oxygen Generator,112.227026408785,2025-02-14 13:13:57,Watch
Oxygen Generator,119.00769438262118,2025-02-14 13:13:57,Watch
CO2 Scrubber,66.44312925732791,2025-02-14 13:13:57,Normal
Airlock,51.62833975923912,2025-02-14 13:13:57,Normal
CO2 Scrubber,87.69466436328659,2025-02-14 13:13:57,Normal
Oxygen Generator,71.18587027557888,2025-02-14 13:13:57,Normal
Oxygen Generator,149.1478893344858,2025-02-14 13:13:57,Minor Fault
CO2 Scrubber,83.19593657374905,2025-02-14 13:13:57,Normal
Water Processor,62.40302134841983,2025-02-14 13:13:57,Normal
Oxygen Generator,144.71945746653603,2025-02-14 13:13:57,Minor Fault
Oxygen Generator,94.64198478835297,2025-02-14 13:13:57,Normal
Oxygen Generator,99.8300995747708,2025-02-14 13:13:57,Normal
Airlock,132.06171556066067,2025-02-14 13:13:57,Minor Fault
Airlock,147.73988556383188,2025-02-14 13:13:57,Minor Fault
Oxygen Generator,93.01386445520748,2025-02-14 13:13:57,Normal
Airlock,264.850125885704,2025-02-14 13:13:57,Emergency
Airlock,84.44582006952322,2025-02-14 13:13:57,Normal
Oxygen Generator,55.176295676958986,2025-02-14 13:13:57,Normal
CO2 Scrubber,144.69254456987218,2025-02-14 13:13:57,Minor Fault
Airlock,67.09610432055601,2025-02-14 13:13:57,Normal
Oxygen Generator,60.64571878612044,2025-02-14 13:13:57,Normal
CO2 Scrubber,101.44017985228916,2025-02-14 13:13:57,Watch
Airlock,52.88736350242702,2025-02-14 13:13:57,Normal
Airlock,136.6861616636653,2025-02-14 13:13:57,Minor Fault
Airlock,125.7623713402977,2025-02-14 13:13:57,Minor Fault
Water Processor,54.11444329350614,2025-02-14 13:13:57,Normal
Water Processor,101.31443960954726,2025-02-14 13:13:57,Watch
Oxygen Generator,89.96642084707322,2025-02-14 13:13:57,Normal
CO2 Scrubber,101.56360834246975,2025-02-14 13:13:57,Watch
Airlock,105.71882194316439,2025-02-14 13:13:57,Watch
Airlock,235.03814799582983,2025-02-14 13:13:57,Emergency
Water Processor,108.15708289807642,2025-02-14 13:13:57,Watch
Airlock,125.44219579766572,2025-02-14 13:13:57,Minor Fault
Oxygen Generator,260.1603554666959,2025-02-14 13:13:57,Emergency
CO2 Scrubber,143.25998847602972,2025-02-14 13:13:57,Minor Fault
Oxygen Generator,56.339276656132206,2025-02-14 13:13:57,Normal
CO2 Scrubber,110.79474848045001,2025-02-14 13:13:57,Watch
Water Processor,122.27537349853857,2025-02-14 13:13:57,Watch
CO2 Scrubber,80.26942917198791,2025-02-14 13:13:57,Normal
CO2 Scrubber,136.18097523467,2025-02-14 13:13:57,Minor Fault
Oxygen Generator,120.63490567050556,2025-02-14 13:13:57,Watch
Oxygen Generator,121.06443470310776,2025-02-14 13:13:57,Watch
Oxygen Generator,116.56097783031538,2025-02-14 13:13:57,Watch
Airlock,69.85136049943543,2025-02-14 13:13:57,Normal
Oxygen Generator,288.04810744945127,2025-02-14 13:13:57,Emergency
Water Processor,74.38813276704357,2025-02-14 13:13:57,Normal
Airlock,144.59226235735258,2025-02-14 13:13:57,Minor Fault
Water Processor,68.01858799998986,2025-02-14 13:13:57,Normal
Oxygen Generator,163.6374436457303,2025-02-14 13:13:57,Emergency
CO2 Scrubber,83.84106910669966,2025-02-14 13:13:57,Normal
Oxygen Generator,85.38526190209471,2025-02-14 13:13:57,Normal
CO2 Scrubber,107.2631255531276,2025-02-14 13:13:57,Watch
CO2 Scrubber,295.23325513111365,2025-02-14 13:13:57,Emergency
Airlock,59.50085140264252,2025-02-14 13:13:57,Normal
Water Processor,103.4408258806903,2025-02-14 13:13:57,Watch
Oxygen Generator,56.034765219073826,2025-02-14 13:13:57,Normal
Airlock,64.98307262136005,2025-02-14 13:13:57,Normal
Oxygen Generator,116.52237355189803,2025-02-14 13:13:57,Watch
Water Processor,133.61282840144344,2025-02-14 13:13:57,Minor Fault
Airlock,102.57171967441535,2025-02-14 13:13:57,Watch
Oxygen Generator,51.00850521189354,2025-02-14 13:13:57,Normal
Airlock,99.27858662776418,2025-02-14 13:13:57,Normal
Water Processor,87.09327016382224,2025-02-14 13:13:57,Normal
Water Processor,126.65860390820673,2025-02-14 13:13:57,Minor Fault
Oxygen Generator,52.949291908435505,2025-02-14 13:13:57,Normal
Oxygen Generator,145.01124654067252,2025-02-14 13:13:57,Minor Fault
CO2 Scrubber,105.1730213728777,2025-02-14 13:13:57,Watch
Water Processor,72.72969583444552,2025-02-14 13:13:57,Normal
Airlock,78.46957681485229,2025-02-14 13:13:57,Normal
Water Processor,237.13547739349232,2025-02-14 13:13:57,Emergency
Airlock,54.153493961942935,2025-02-14 13:13:57,Normal
Water Processor,64.01501579292356,2025-02-14 13:13:57,Normal
Airlock,77.88444735337472,2025-02-14 13:13:57,Normal
Oxygen Generator,113.7612863345849,2025-02-14 13:13:57,Watch
Airlock,110.71534613191818,2025-02-14 13:13:57,Watch
Oxygen Generator,130.65068946771027,2025-02-14 13:13:57,Minor Fault
CO2 Scrubber,98.38356800607488,2025-02-14 13:13:57,Normal
Oxygen Generator,51.90779016103077,2025-02-14 13:13:57,Normal
Water Processor,107.8174873149515,2025-02-14 13:13:57,Watch
CO2 Scrubber,155.19198076425002,2025-02-14 13:13:57,Emergency
Airlock,126.80603130708562,2025-02-14 13:13:57,Minor Fault
CO2 Scrubber,116.3507271119925,2025-02-14 13:13:57,Watch
Water Processor,77.58004782810738,2025-02-14 13:13:57,Normal
CO2 Scrubber,115.58323832231754,2025-02-14 13:13:57,Watch
Oxygen Generator,94.66357457145614,2025-02-14 13:13:57,Normal
Airlock,133.41899917963178,2025-02-14 13:13:57,Minor Fault
CO2 Scrubber,57.947155992240205,2025-02-14 13:13:57,Normal
CO2 Scrubber,145.66241688988123,2025-02-14 13:13:57,Minor Fault
Oxygen Generator,77.13853713912442,2025-02-14 13:13:57,Normal
Water Processor,122.59557027567709,2025-02-14 13:13:57,Watch
Water Processor,72.87292450505558,2025-02-14 13:13:57,Normal
Water Processor,142.20874640356857,2025-02-14 13:13:57,Minor Fault
CO2 Scrubber,78.89469207788713,2025-02-14 13:13:57,Normal
Water Processor,92.40969477004339,2025-02-14 13:13:57,Normal
Water Processor,146.50290925471182,2025-02-14 13:13:57,Minor Fault
Oxygen Generator,209.29983411367385,2025-02-14 13:13:57,Emergency
Oxygen Generator,101.36405601141408,2025-02-14 13:13:57,Watch
Airlock,138.15347256792472,2025-02-14 13:13:57,Minor Fault
Airlock,72.64307138245836,2025-02-14 13:13:57,Normal
Water Processor,101.85537889543559,2025-02-14 13:13:57,Watch
Airlock,149.2234483837,2025-02-14 13:13:57,Minor Fault
Airlock,94.50745546303608,2025-02-14 13:13:57,Normal
Water Processor,71.5716665263783,2025-02-14 13:13:57,Normal
Airlock,63.24734524180815,2025-02-14 13:13:57,Normal
Oxygen Generator,97.86820878230672,2025-02-14 13:13:57,Normal
Oxygen Generator,99.14357728385534,2025-02-14 13:13:57,Normal
Oxygen Generator,126.53309571553343,2025-02-14 13:13:57,Minor Fault
CO2 Scrubber,59.41793734770895,2025-02-14 13:13:57,Normal
Water Processor,70.1919662144414,2025-02-14 13:13:57,Normal
Oxygen Generator,55.435022809615084,2025-02-14 13:13:57,Normal
CO2 Scrubber,133.13654821679194,2025-02-14 13:13:57,Minor Fault
Airlock,89.88071489352276,2025-02-14 13:13:57,Normal
Water Processor,74.19309469880152,2025-02-14 13:13:57,Normal
CO2 Scrubber,122.80021079830156,2025-02-14 13:13:57,Watch
Water Processor,97.26566774716382,2025-02-14 13:13:57,Normal
Airlock,145.0644478070513,2025-02-14 13:13:57,Minor Fault
CO2 Scrubber,59.17677549966969,2025-02-14 13:13:57,Normal
Oxygen Generator,241.4944407154348,2025-02-14 13:13:57,Emergency
CO2 Scrubber,53.83103946603895,2025-02-14 13:13:57,Normal
Airlock,137.8835792566303,2025-02-14 13:13:57,Minor Fault
Oxygen Generator,87.28503879014896,2025-02-14 13:13:57,Normal
Water Processor,124.04273961743006,2025-02-14 13:13:57,Watch
Oxygen Generator,118.4838446451403,2025-02-14 13:13:57,Watch
Airlock,51.08274269538957,2025-02-14 13:13:57,Normal
CO2 Scrubber,53.170144471269346,2025-02-14 13:13:57,Normal
Water Processor,120.92095812177328,2025-02-14 13:13:57,Watch
CO2 Scrubber,131.78271475665792,2025-02-14 13:13:57,Minor Fault
CO2 Scrubber,143.1379385434082,2025-02-14 13:13:57,Minor Fault
Airlock,107.45829210242451,2025-02-14 13:13:57,Watch
Water Processor,84.51514811302937,2025-02-14 13:13:57,Normal
CO2 Scrubber,131.49143010231103,2025-02-14 13:13:57,Minor Fault
Water Processor,73.37703639396602,2025-02-14 13:13:57,Normal
Airlock,106.06737981887125,2025-02-14 13:13:57,Watch
CO2 Scrubber,108.17666553450047,2025-02-14 13:13:57,Watch
Oxygen Generator,138.40694962622507,2025-02-14 13:13:57,Minor Fault
CO2 Scrubber,90.76027435058316,2025-02-14 13:13:57,Normal
CO2 Scrubber,97.73105741441807,2025-02-14 13:13:57,Normal
Airlock,92.6749642519728,2025-02-14 13:13:57,Normal
Airlock,54.6630518041626,2025-02-14 13:13:57,Normal
Airlock,115.53397203049437,2025-02-14 13:13:57,Watch
Airlock,50.119215622060395,2025-02-14 13:13:57,Normal
CO2 Scrubber,134.61492731951296,2025-02-14 13:13:57,Minor Fault
Water Processor,75.06866415629553,2025-02-14 13:13:57,Normal
Water Processor,143.66920232485558,2025-02-14 13:13:57,Minor Fault
Oxygen Generator,105.86762096620873,2025-02-14 13:13:57,Watch
Oxygen Generator,77.32746166800561,2025-02-14 13:13:57,Normal
Oxygen Generator,141.8719532114834,2025-02-14 13:13:57,Minor Fault
Oxygen Generator,88.64424484716719,2025-02-14 13:13:57,Normal
Airlock,126.23518848979404,2025-02-14 13:13:57,Minor Fault
Water Processor,143.00296752991989,2025-02-14 13:13:57,Minor Fault
Oxygen Generator,171.70439093790392,2025-02-14 13:13:57,Emergency
Oxygen Generator,91.25071888274177,2025-02-14 13:13:57,Normal
Oxygen Generator,136.85963778817188,2025-02-14 13:13:57,Minor Fault
Airlock,120.53386950707338,2025-02-14 13:13:57,Watch
Water Processor,57.75461345517555,2025-02-14 13:13:57,Normal
Water Processor,293.26835174193775,2025-02-14 13:13:57,Emergency
Water Processor,93.43875826056623,2025-02-14 13:13:57,Normal
Water Processor,138.55595127975545,2025-02-14 13:13:57,Minor Fault
Airlock,144.47550587481246,2025-02-14 13:13:57,Minor Fault
Airlock,72.49888418971699,2025-02-14 13:13:57,Normal
Water Processor,109.98566711357202,2025-02-14 13:13:57,Watch
Airlock,51.785567152790414,2025-02-14 13:13:57,Normal
Airlock,149.2120274435802,2025-02-14 13:13:57,Minor Fault
Oxygen Generator,134.21399580100805,2025-02-14 13:13:57,Minor Fault
Oxygen Generator,114.80636782066408,2025-02-14 13:13:57,Watch
CO2 Scrubber,84.4932953782026,2025-02-14 13:13:57,Normal
Airlock,113.10491827853296,2025-02-14 13:13:57,Watch
CO2 Scrubber,122.54515413775954,2025-02-14 13:13:57,Watch
Oxygen Generator,98.86644546028427,2025-02-14 13:13:57,Normal
CO2 Scrubber,138.09383163749044,2025-02-14 13:13:57,Minor Fault
Water Processor,112.32819650520898,2025-02-14 13:13:57,Watch
CO2 Scrubber,72.11881627525483,2025-02-14 13:13:57,Normal
Airlock,116.3717161026324,2025-02-14 13:13:57,Watch
CO2 Scrubber,78.24456554755986,2025-02-14 13:13:57,Normal
Oxygen Generator,73.96722738789116,2025-02-14 13:13:57,Normal
Water Processor,57.66178205815422,2025-02-14 13:13:57,Normal
Airlock,113.6862375939626,2025-02-14 13:13:57,Watch
Airlock,57.165735543293714,2025-02-14 13:13:57,Normal
Oxygen Generator,91.93189794530758,2025-02-14 13:13:57,Normal
Water Processor,129.74583726219296,2025-02-14 13:13:57,Minor Fault
Oxygen Generator,133.8451582345068,2025-02-14 13:13:57,Minor Fault
Oxygen Generator,146.92559293331112,2025-02-14 13:13:57,Minor Fault
CO2 Scrubber,97.36728752890036,2025-02-14 13:13:57,Normal
CO2 Scrubber,56.71200054207661,2025-02-14 13:13:57,Normal
CO2 Scrubber,93.58713770868295,2025-02-14 13:13:57,Normal
Water Processor,62.593283409322744,2025-02-14 13:13:57,Normal
Water Processor,102.67778884236321,2025-02-14 13:13:57,Watch
Oxygen Generator,115.37724900005658,2025-02-14 13:13:57,Watch
Water Processor,101.77749395266177,2025-02-14 13:13:57,Watch
CO2 Scrubber,131.53798119365217,2025-02-14 13:13:57,Minor Fault
Water Processor,109.71448091134005,2025-02-14 13:13:57,Watch
Water Processor,63.71459045219976,2025-02-14 13:13:57,Normal
Airlock,115.35614962597693,2025-02-14 13:13:57,Watch
Water Processor,109.23093169960097,2025-02-14 13:13:57,Watch
Water Processor,101.14302125988468,2025-02-14 13:13:57,Watch
CO2 Scrubber,155.608010281441,2025-02-14 13:13:57,Emergency
Water Processor,67.63837908330002,2025-02-14 13:13:57,Normal
Airlock,137.76663851355784,2025-02-14 13:13:57,Minor Fault
Oxygen Generator,103.38650622817674,2025-02-14 13:13:57,Watch
Oxygen Generator,147.3525307553959,2025-02-14 13:13:57,Minor Fault
Oxygen Generator,121.65096055103669,2025-02-14 13:13:57,Watch
CO2 Scrubber,84.97003620398382,2025-02-14 13:13:57,Normal
Oxygen Generator,63.72971793528082,2025-02-14 13:13:57,Normal
Oxygen Generator,106.74502566540409,2025-02-14 13:13:57,Watch
CO2 Scrubber,139.78804661051618,2025-02-14 13:13:57,Minor Fault
Water Processor,93.73377971685258,2025-02-14 13:13:57,Normal
Airlock,106.79315798118219,2025-02-14 13:13:57,Watch
Oxygen Generator,71.67162539756382,2025-02-14 13:13:57,Normal
CO2 Scrubber,92.09359779827238,2025-02-14 13:13:57,Normal
Airlock,77.2255052538821,2025-02-14 13:13:57,Normal
Oxygen Generator,102.69731609748504,2025-02-14 13:13:57,Watch
CO2 Scrubber,142.33446382587832,2025-02-14 13:13:57,Minor Fault
Oxygen Generator,130.719333802738,2025-02-14 13:13:57,Minor Fault
Oxygen Generator,81.25071611612313,2025-02-14 13:13:57,Normal
Airlock,197.4086074412652,2025-02-14 13:13:57,Emergency
Oxygen Generator,116.38333395479522,2025-02-14 13:13:57,Watch
Airlock,113.08696859148266,2025-02-14 13:13:57,Watch
Airlock,121.8801926748697,2025-02-14 13:13:57,Watch
CO2 Scrubber,62.132088915040754,2025-02-14 13:13:57,Normal
Water Processor,60.925055637048516,2025-02-14 13:13:57,Normal
Airlock,125.14720137921641,2025-02-14 13:13:57,Minor Fault
Airlock,130.8795481625729,2025-02-14 13:13:57,Minor Fault
CO2 Scrubber,174.01334172968976,2025-02-14 13:13:57,Emergency
Airlock,50.482266938432765,2025-02-14 13:13:57,Normal
Oxygen Generator,74.29731215052837,2025-02-14 13:13:57,Normal
Oxygen Generator,60.80505523116183,2025-02-14 13:13:57,Normal
Oxygen Generator,57.193642640642906,2025-02-14 13:13:57,Normal
Airlock,90.6257399782171,2025-02-14 13:13:57,Normal
Water Processor,95.1940674023104,2025-02-14 13:13:57,Normal
Oxygen Generator,108.49694672137755,2025-02-14 13:13:57,Watch
Water Processor,52.19356260562117,2025-02-14 13:13:57,Normal
Oxygen Generator,115.31989281661072,2025-02-14 13:13:57,Watch
Water Processor,71.17296777108359,2025-02-14 13:13:57,Normal
Airlock,121.54994246100385,2025-02-14 13:13:57,Watch
Water Processor,64.20928697884625,2025-02-14 13:13:57,Normal
Oxygen Generator,139.69361661716215,2025-02-14 13:13:57,Minor Fault
Water Processor,144.48331361093193,2025-02-14 13:13:57,Minor Fault
Water Processor,120.60131150988738,2025-02-14 13:13:57,Watch
Water Processor,62.9365208975548,2025-02-14 13:13:57,Normal
CO2 Scrubber,244.653126809539,2025-02-14 13:13:57,Emergency
Oxygen Generator,101.94607932126259,2025-02-14 13:13:57,Watch
Water Processor,81.71944311175609,2025-02-14 13:13:57,Normal
Airlock,53.090192667708855,2025-02-14 13:13:57,Normal
Oxygen Generator,84.85571295268923,2025-02-14 13:13:57,Normal
Oxygen Generator,113.78227087899293,2025-02-14 13:13:57,Watch
Water Processor,244.3008320862183,2025-02-14 13:13:57,Emergency
Oxygen Generator,105.80739121240353,2025-02-14 13:13:57,Watch
Water Processor,62.6399424201033,2025-02-14 13:13:57,Normal
Airlock,148.20398533583275,2025-02-14 13:13:57,Minor Fault
Water Processor,62.698899488210344,2025-02-14 13:13:57,Normal
Airlock,81.84323210237407,2025-02-14 13:13:57,Normal
CO2 Scrubber,62.45628915995274,2025-02-14 13:13:57,Normal
Water Processor,225.10972118540226,2025-02-14 13:13:57,Emergency
CO2 Scrubber,145.62202046033627,2025-02-14 13:13:57,Minor Fault
Oxygen Generator,104.88706963342352,2025-02-14 13:13:57,Watch
Water Processor,79.24516287765755,2025-02-14 13:13:57,Normal
Airlock,79.3742446812208,2025-02-14 13:13:57,Normal
Oxygen Generator,75.47520866642506,2025-02-14 13:13:57,Normal
Water Processor,115.62205024062084,2025-02-14 13:13:57,Watch
CO2 Scrubber,125.63211319082754,2025-02-14 13:13:57,Minor Fault
Oxygen Generator,98.43499883869498,2025-02-14 13:13:57,Normal
Oxygen Generator,143.43653919677087,2025-02-14 13:13:57,Minor Fault
Water Processor,75.37428413683048,2025-02-14 13:13:57,Normal
CO2 Scrubber,122.77827536383799,2025-02-14 13:13:57,Watch
CO2 Scrubber,141.6186426565651,2025-02-14 13:13:57,Minor Fault
Airlock,141.30279043304822,2025-02-14 13:13:57,Minor Fault
Oxygen Generator,107.86550416023135,2025-02-14 13:13:57,Watch
Airlock,77.78554853307223,2025-02-14 13:13:57,Normal
Oxygen Generator,84.94315917282498,2025-02-14 13:13:57,Normal
Water Processor,64.10079041000628,2025-02-14 13:13:57,Normal
CO2 Scrubber,86.6839575473726,2025-02-14 13:13:57,Normal
CO2 Scrubber,128.1341103102716,2025-02-14 13:13:57,Minor Fault
Oxygen Generator,70.02198512419504,2025-02-14 13:13:57,Normal
Water Processor,171.3309854984867,2025-02-14 13:13:57,Emergency
CO2 Scrubber,106.98827872208787,2025-02-14 13:13:57,Watch
Water Processor,57.51766267877465,2025-02-14 13:13:57,Normal
Airlock,104.87778403667318,2025-02-14 13:13:57,Watch
CO2 Scrubber,191.6387449773091,2025-02-14 13:13:57,Emergency
Water Processor,93.66894330401828,2025-02-14 13:13:57,Normal
CO2 Scrubber,149.09647644738953,2025-02-14 13:13:57,Minor Fault
Water Processor,78.24185402908759,2025-02-14 13:13:57,Normal
Oxygen Generator,84.95277939385028,2025-02-14 13:13:57,Normal
Oxygen Generator,126.53387333908526,2025-02-14 13:13:57,Minor Fault
Water Processor,145.34948389283772,2025-02-14 13:13:57,Minor Fault
CO2 Scrubber,90.34953159909958,2025-02-14 13:13:57,Normal
Oxygen Generator,110.43659114063817,2025-02-14 13:13:57,Watch
Airlock,116.00865780546079,2025-02-14 13:13:57,Watch
Water Processor,148.4147911652346,2025-02-14 13:13:57,Minor Fault
Airlock,65.56383618428272,2025-02-14 13:13:57,Normal
Oxygen Generator,79.33757339221447,2025-02-14 13:13:57,Normal
Oxygen Generator,84.75759867150471,2025-02-14 13:13:57,Normal
Oxygen Generator,126.06056056288048,2025-02-14 13:13:57,Minor Fault
Water Processor,90.88561113171014,2025-02-14 13:13:57,Normal
Airlock,112.01830438956246,2025-02-14 13:13:57,Watch
Water Processor,245.45635428850613,2025-02-14 13:13:57,Emergency
CO2 Scrubber,127.5512615429871,2025-02-14 13:13:57,Minor Fault
CO2 Scrubber,140.0512697003349,2025-02-14 13:13:57,Minor Fault
Water Processor,63.2535308447811,2025-02-14 13:13:57,Normal
CO2 Scrubber,64.62991360407536,2025-02-14 13:13:57,Normal
Water Processor,140.24816895255265,2025-02-14 13:13:57,Minor Fault
Airlock,54.192217937558695,2025-02-14 13:13:57,Normal
CO2 Scrubber,116.2318085054012,2025-02-14 13:13:57,Watch
CO2 Scrubber,116.30027491728069,2025-02-14 13:13:57,Watch
CO2 Scrubber,111.94624876521999,2025-02-14 13:13:57,Watch
CO2 Scrubber,98.83524992002894,2025-02-14 13:13:57,Normal
CO2 Scrubber,139.88742871186125,2025-02-14 13:13:57,Minor Fault
Water Processor,97.85247914482099,2025-02-14 13:13:57,Normal
Airlock,95.80658721837949,2025-02-14 13:13:57,Normal
Oxygen Generator,78.99868769947923,2025-02-14 13:13:57,Normal
Oxygen Generator,110.37844956495812,2025-02-14 13:13:57,Watch
Airlock,117.03561017447855,2025-02-14 13:13:57,Watch
CO2 Scrubber,110.9182099913188,2025-02-14 13:13:57,Watch
Oxygen Generator,90.33549576403128,2025-02-14 13:13:57,Normal
Oxygen Generator,183.8392505691275,2025-02-14 13:13:57,Emergency
Water Processor,63.000764229462135,2025-02-14 13:13:57,Normal
Oxygen Generator,96.28428707591772,2025-02-14 13:13:57,Normal
Water Processor,70.14240980902079,2025-02-14 13:13:57,Normal
Airlock,123.62413880156095,2025-02-14 13:13:57,Watch
Water Processor,56.13286253246695,2025-02-14 13:13:57,Normal
Water Processor,61.5279739799099,2025-02-14 13:13:57,Normal
Airlock,140.84256010308255,2025-02-14 13:13:57,Minor Fault
Water Processor,123.81098426303004,2025-02-14 13:13:57,Watch
Airlock,129.40050782620705,2025-02-14 13:13:57,Minor Fault
Oxygen Generator,61.13871654114509,2025-02-14 13:13:57,Normal
Airlock,149.1225963566376,2025-02-14 13:13:57,Minor Fault
Water Processor,94.26676888409756,2025-02-14 13:13:57,Normal
CO2 Scrubber,79.50452880265219,2025-02-14 13:13:57,Normal
CO2 Scrubber,140.0058807734116,2025-02-14 13:13:57,Minor Fault
Airlock,74.1429419560981,2025-02-14 13:13:57,Normal
Oxygen Generator,254.57625796337146,2025-02-14 13:13:57,Emergency
CO2 Scrubber,70.7091827082431,2025-02-14 13:13:57,Normal
Oxygen Generator,58.911924380333936,2025-02-14 13:13:57,Normal
Airlock,81.2150958978027,2025-02-14 13:13:57,Normal
Water Processor,176.91935306392378,2025-02-14 13:13:57,Emergency
Oxygen Generator,50.66008335663367,2025-02-14 13:13:57,Normal
CO2 Scrubber,76.46295585210486,2025-02-14 13:13:57,Normal
CO2 Scrubber,135.21457236956894,2025-02-14 13:13:57,Minor Fault
Oxygen Generator,146.95895771663325,2025-02-14 13:13:57,Minor Fault
Water Processor,148.27116926111893,2025-02-14 13:13:57,Minor Fault
CO2 Scrubber,98.53354658547136,2025-02-14 13:13:57,Normal
Oxygen Generator,190.14360575815294,2025-02-14 13:13:57,Emergency
CO2 Scrubber,76.77118926780292,2025-02-14 13:13:57,Normal
CO2 Scrubber,69.0535661722948,2025-02-14 13:13:57,Normal
Oxygen Generator,93.12310063112038,2025-02-14 13:13:57,Normal
CO2 Scrubber,148.04254535057987,2025-02-14 13:13:57,Minor Fault
Water Processor,123.57646589360488,2025-02-14 13:13:57,Watch
Water Processor,56.05247673937864,2025-02-14 13:13:57,Normal
Oxygen Generator,144.03308508672552,2025-02-14 13:13:57,Minor Fault
CO2 Scrubber,126.45845041555526,2025-02-14 13:13:57,Minor Fault
Airlock,135.06745840048993,2025-02-14 13:13:57,Minor Fault
Water Processor,82.19592954932457,2025-02-14 13:13:57,Normal
CO2 Scrubber,102.62764006334444,2025-02-14 13:13:57,Watch
Oxygen Generator,72.85609960009724,2025-02-14 13:13:57,Normal
Water Processor,172.58100248996575,2025-02-14 13:13:57,Emergency
Water Processor,102.10078336448086,2025-02-14 13:13:57,Watch
CO2 Scrubber,121.34012643700011,2025-02-14 13:13:57,Watch
Airlock,126.38358556654826,2025-02-14 13:13:57,Minor Fault
CO2 Scrubber,66.53232244284175,2025-02-14 13:13:57,Normal
Water Processor,118.84683487791239,2025-02-14 13:13:57,Watch
Oxygen Generator,136.04091864357616,2025-02-14 13:13:57,Minor Fault
Oxygen Generator,77.54614162057435,2025-02-14 13:13:57,Normal
Airlock,117.99252615786328,2025-02-14 13:13:57,Watch
CO2 Scrubber,137.93045565010976,2025-02-14 13:13:57,Minor Fault
Water Processor,142.6575407320978,2025-02-14 13:13:57,Minor Fault
CO2 Scrubber,50.2599176360319,2025-02-14 13:13:57,Normal
CO2 Scrubber,68.0392360527837,2025-02-14 13:13:57,Normal
CO2 Scrubber,121.18198812721444,2025-02-14 13:13:57,Watch
Airlock,111.06488771959295,2025-02-14 13:13:57,Watch
CO2 Scrubber,74.00740041337491,2025-02-14 13:13:57,Normal
CO2 Scrubber,116.4452064657581,2025-02-14 13:13:57,Watch
Water Processor,122.99399791021509,2025-02-14 13:13:57,Watch
Airlock,79.89316343117017,2025-02-14 13:13:57,Normal
CO2 Scrubber,87.9347768471747,2025-02-14 13:13:57,Normal
Water Processor,58.63625031901124,2025-02-14 13:13:57,Normal
Airlock,130.90847248076088,2025-02-14 13:13:57,Minor Fault
Airlock,132.27567881482491,2025-02-14 13:13:57,Minor Fault
Water Processor,130.17466554990727,2025-02-14 13:13:57,Minor Fault
Water Processor,80.39028075252118,2025-02-14 13:13:57,Normal
CO2 Scrubber,55.59985055152892,2025-02-14 13:13:57,Normal
CO2 Scrubber,134.45274208873315,2025-02-14 13:13:57,Minor Fault
Airlock,117.1547744279188,2025-02-14 13:13:57,Watch
Oxygen Generator,148.45318513295808,2025-02-14 13:13:57,Minor Fault
CO2 Scrubber,92.89266075565075,2025-02-14 13:13:57,Normal
CO2 Scrubber,106.52530103934892,2025-02-14 13:13:57,Watch
Oxygen Generator,133.71350439251592,2025-02-14 13:13:57,Minor Fault
Airlock,85.13710262140157,2025-02-14 13:13:57,Normal
CO2 Scrubber,91.8529380914377,2025-02-14 13:13:57,Normal
Airlock,134.10597509545764,2025-02-14 13:13:57,Minor Fault
Airlock,108.38028529753097,2025-02-14 13:13:57,Watch
Airlock,104.4397313870468,2025-02-14 13:13:57,Watch
Water Processor,113.58914470247868,2025-02-14 13:13:57,Watch
Airlock,136.04901031355047,2025-02-14 13:13:57,Minor Fault
